Alternatywa,TOPSIS,SPOTIS,TOPSIS_rank,SPOTIS_rank
A1,0.560228149605382,0.6166666666666667,2.0,3.0
A2,0.7446032070103134,0.8,1.0,4.0
A3,0.14459058185587106,0.1,4.0,1.0
A4,0.4419702065093719,0.5083333333333333,3.0,2.0
